"year","model","category","median_score","percentile"
2020,"CLA","Closed",125,99.9
2020,"DPSK","Closed",125,99.9
2020,"GPT","Closed",136.25,100
2020,"GROK","Closed",132.5,100
2020,"MSTRL","Closed",117.5,99.2
2020,"QWEN","Closed",130,100
2020,"MG4B","Open",103.75,92.2
2020,"MT8B","Open",78.75,56
2020,"mSTRL3B","Open",86.25,69.2
2020,"Q1_7B","Open",48.75,9
2020,"Q4B","Open",91.25,77.4
2020,"Q8B","Open",95,82.5
2020,"MG4Bq4","Quantized",98.75,87
2020,"MG4Bq6","Quantized",101.25,89.8
2020,"MG4Bq8","Quantized",101.25,89.8
2020,"MT8Bq4","Quantized",75,49.2
2020,"MT8Bq6","Quantized",77.5,53.8
2020,"MT8Bq8","Quantized",77.5,53.8
2021,"CLA","Closed",127.5,100
2021,"DPSK","Closed",125,99.9
2021,"GPT","Closed",136.25,100
2021,"GROK","Closed",137.5,100
2021,"MSTRL","Closed",126.25,99.9
2021,"QWEN","Closed",136.25,100
2021,"MG4B","Open",102.5,88.7
2021,"MT8B","Open",76.25,45.8
2021,"mSTRL3B","Open",91.875,74
2021,"Q1_7B","Open",47.5,5.9
2021,"Q4B","Open",100,85.9
2021,"Q8B","Open",103.75,90
2021,"MG4Bq4","Quantized",96.875,81.5
2021,"MG4Bq6","Quantized",96.25,81
2021,"MG4Bq8","Quantized",97.5,82.5
2021,"MT8Bq4","Quantized",76.875,46.7
2021,"MT8Bq6","Quantized",78.75,50.8
2021,"MT8Bq8","Quantized",77.5,48.2
2022,"CLA","Closed",129.375,100
2022,"DPSK","Closed",131.875,100
2022,"GPT","Closed",138.75,100
2022,"GROK","Closed",137.5,100
2022,"MSTRL","Closed",125.625,99.8
2022,"QWEN","Closed",136.25,100
2022,"MG4B","Open",100,85.6
2022,"MT8B","Open",88.75,66.9
2022,"mSTRL3B","Open",105,91.5
2022,"Q1_7B","Open",62.5,19.6
2022,"Q4B","Open",105,91.5
2022,"Q8B","Open",110,95.7
2022,"MG4Bq4","Quantized",100,85.6
2022,"MG4Bq6","Quantized",100,85.6
2022,"MG4Bq8","Quantized",101.25,87.4
2022,"MT8Bq4","Quantized",85,59.4
2022,"MT8Bq6","Quantized",88.75,66.9
2022,"MT8Bq8","Quantized",90,69.4
2023,"CLA","Closed",130.625,100
2023,"DPSK","Closed",130,100
2023,"GPT","Closed",135,100
2023,"GROK","Closed",136.25,100
2023,"MSTRL","Closed",127.5,99.9
2023,"QWEN","Closed",133.75,100
2023,"MG4B","Open",107.5,89.9
2023,"MT8B","Open",91.25,63.8
2023,"mSTRL3B","Open",91.25,63.8
2023,"Q1_7B","Open",52.5,6.9
2023,"Q4B","Open",101.25,81.6
2023,"Q8B","Open",107.5,89.9
2023,"MG4Bq4","Quantized",105,87
2023,"MG4Bq6","Quantized",106.25,88.5
2023,"MG4Bq8","Quantized",106.25,88.5
2023,"MT8Bq4","Quantized",83.75,49.1
2023,"MT8Bq6","Quantized",90,61.3
2023,"MT8Bq8","Quantized",90.625,62.4
2024,"CLA","Closed",121.875,99.8
2024,"DPSK","Closed",122.5,99.8
2024,"GPT","Closed",133.75,100
2024,"GROK","Closed",130,100
2024,"MSTRL","Closed",112.5,98.2
2024,"QWEN","Closed",132.5,100
2024,"MG4B","Open",97.5,85.2
2024,"MT8B","Open",70,31.6
2024,"mSTRL3B","Open",82.5,56.9
2024,"Q1_7B","Open",56.25,12.7
2024,"Q4B","Open",87.5,67.1
2024,"Q8B","Open",105,93.8
2024,"MG4Bq4","Quantized",93.75,79.4
2024,"MG4Bq6","Quantized",97.5,85.2
2024,"MG4Bq8","Quantized",98.125,85.8
2024,"MT8Bq4","Quantized",68.75,29.6
2024,"MT8Bq6","Quantized",72.5,36.2
2024,"MT8Bq8","Quantized",71.25,34
