"Category","Model","2020_Score","2020_Accuracy","2021_Score","2021_Accuracy","2022_Score","2022_Accuracy","2023_Score","2023_Accuracy","2024_Score","2024_Accuracy","Overall_Score","Overall_Accuracy"
"Closed","CLA","125.0 [122.5–126.2]","91.4% [90.0%–92.1%]","127.5 [125.3–128.8]","92.9% [91.6%–93.6%]","129.4 [127.5–130.9]","93.9% [92.9%–94.8%]","130.6 [128.8–132.5]","94.6% [93.6%–95.7%]","121.9 [120.0–123.8]","89.6% [88.6%–90.7%]","127.5 [123.8–130.0]","92.9% [90.7%–94.3%]"
"Closed","DPSK","125.0 [123.8–127.2]","91.4% [90.7%–92.7%]","125.0 [124.1–127.5]","91.4% [90.9%–92.9%]","131.9 [130.0–133.4]","95.4% [94.3%–96.2%]","130.0 [128.8–132.2]","94.3% [93.6%–95.5%]","122.5 [121.2–125.0]","90.0% [89.3%–91.4%]","127.5 [123.8–131.2]","92.9% [90.7%–95.0%]"
"Closed","GPT","136.2 [135.0–136.2]","97.9% [97.1%–97.9%]","136.2 [136.2–137.5]","97.9% [97.9%–98.6%]","138.8 [137.5–138.8]","99.3% [98.6%–99.3%]","135.0 [133.8–136.2]","97.1% [96.4%–97.9%]","133.8 [132.5–135.0]","96.4% [95.7%–97.1%]","136.2 [135.0–137.5]","97.9% [97.1%–98.6%]"
"Closed","GROK","132.5 [131.2–132.5]","95.7% [95.0%–95.7%]","137.5 [135.3–137.5]","98.6% [97.3%–98.6%]","137.5 [137.5–138.8]","98.6% [98.6%–99.3%]","136.2 [135.0–136.2]","97.9% [97.1%–97.9%]","130.0 [128.8–131.2]","94.3% [93.6%–95.0%]","135.0 [131.2–137.5]","97.1% [95.0%–98.6%]"
"Closed","MSTRL","117.5 [115.0–118.8]","87.1% [85.7%–87.9%]","126.2 [124.1–127.5]","92.1% [90.9%–92.9%]","125.6 [123.8–127.5]","91.8% [90.7%–92.9%]","127.5 [126.6–129.7]","92.9% [92.3%–94.1%]","112.5 [110.0–115.9]","84.3% [82.9%–86.2%]","123.8 [116.2–127.5]","90.7% [86.4%–92.9%]"
"Closed","QWEN","130.0 [128.8–131.2]","94.3% [93.6%–95.0%]","136.2 [136.2–137.5]","97.9% [97.9%–98.6%]","136.2 [135.0–136.2]","97.9% [97.1%–97.9%]","133.8 [132.5–135.0]","96.4% [95.7%–97.1%]","132.5 [131.6–133.8]","95.7% [95.2%–96.4%]","133.8 [132.5–136.2]","96.4% [95.7%–97.9%]"
"Open","MG4B","103.8 [101.2–105.0]","79.3% [77.9%–80.0%]","102.5 [100.0–105.0]","78.6% [77.1%–80.0%]","100.0 [95.0–102.5]","77.1% [74.3%–78.6%]","107.5 [105.0–110.0]","81.4% [80.0%–82.9%]","97.5 [96.2–102.2]","75.7% [75.0%–78.4%]","102.5 [98.8–105.0]","78.6% [76.4%–80.0%]"
"Open","MT8B","78.8 [76.2–81.2]","65.0% [63.6%–66.4%]","76.2 [73.8–80.0]","63.6% [62.1%–65.7%]","88.8 [85.0–91.2]","70.7% [68.6%–72.1%]","91.2 [87.5–94.7]","72.1% [70.0%–74.1%]","70.0 [67.5–72.5]","60.0% [58.6%–61.4%]","81.2 [74.1–88.8]","66.4% [62.3%–70.7%]"
"Open","mSTRL3B","86.2 [83.8–88.8]","69.3% [67.9%–70.7%]","91.9 [87.5–95.0]","72.5% [70.0%–74.3%]","105.0 [102.5–107.5]","80.0% [78.6%–81.4%]","91.2 [88.8–95.0]","72.1% [70.7%–74.3%]","82.5 [77.5–85.0]","67.1% [64.3%–68.6%]","90.0 [85.3–97.5]","71.4% [68.8%–75.7%]"
"Open","Q1_7B","48.8 [46.2–52.5]","47.9% [46.4%–50.0%]","47.5 [42.5–50.0]","47.1% [44.3%–48.6%]","62.5 [60.0–64.7]","55.7% [54.3%–57.0%]","52.5 [48.8–55.0]","50.0% [47.9%–51.4%]","56.2 [52.5–60.0]","52.1% [50.0%–54.3%]","53.8 [48.8–59.7]","50.7% [47.9%–54.1%]"
"Open","Q4B","91.2 [90.0–93.8]","72.1% [71.4%–73.6%]","100.0 [97.5–102.2]","77.1% [75.7%–78.4%]","105.0 [101.6–106.2]","80.0% [78.0%–80.7%]","101.2 [98.8–103.8]","77.9% [76.4%–79.3%]","87.5 [85.0–90.0]","70.0% [68.6%–71.4%]","97.5 [91.2–102.5]","75.7% [72.1%–78.6%]"
"Open","Q8B","95.0 [92.5–97.5]","74.3% [72.9%–75.7%]","103.8 [102.5–107.5]","79.3% [78.6%–81.4%]","110.0 [106.2–111.2]","82.9% [80.7%–83.6%]","107.5 [103.8–110.0]","81.4% [79.3%–82.9%]","105.0 [102.5–107.5]","80.0% [78.6%–81.4%]","105.0 [100.0–108.8]","80.0% [77.1%–82.1%]"
"Quantized","MG4Bq4","98.8 [96.2–102.5]","76.4% [75.0%–78.6%]","96.9 [93.8–100.0]","75.4% [73.6%–77.1%]","100.0 [96.2–102.5]","77.1% [75.0%–78.6%]","105.0 [102.5–107.5]","80.0% [78.6%–81.4%]","93.8 [91.2–96.2]","73.6% [72.1%–75.0%]","98.8 [95.0–103.4]","76.4% [74.3%–79.1%]"
"Quantized","MG4Bq6","101.2 [96.6–103.8]","77.9% [75.2%–79.3%]","96.2 [93.8–100.9]","75.0% [73.6%–77.7%]","100.0 [97.5–102.5]","77.1% [75.7%–78.6%]","106.2 [104.1–110.0]","80.7% [79.5%–82.9%]","97.5 [94.1–100.0]","75.7% [73.8%–77.1%]","100.0 [96.2–103.8]","77.1% [75.0%–79.3%]"
"Quantized","MG4Bq8","101.2 [100.0–106.2]","77.9% [77.1%–80.7%]","97.5 [95.0–101.2]","75.7% [74.3%–77.9%]","101.2 [98.8–105.0]","77.9% [76.4%–80.0%]","106.2 [103.8–108.8]","80.7% [79.3%–82.1%]","98.1 [95.3–101.2]","76.1% [74.5%–77.9%]","101.2 [97.5–105.0]","77.9% [75.7%–80.0%]"
"Quantized","MT8Bq4","75.0 [73.8–77.5]","62.9% [62.1%–64.3%]","76.9 [73.8–80.0]","63.9% [62.1%–65.7%]","85.0 [81.2–88.8]","68.6% [66.4%–70.7%]","83.8 [81.2–86.2]","67.9% [66.4%–69.3%]","68.8 [66.2–72.5]","59.3% [57.9%–61.4%]","78.8 [72.5–83.4]","65.0% [61.4%–67.7%]"
"Quantized","MT8Bq6","77.5 [75.0–80.9]","64.3% [62.9%–66.2%]","78.8 [75.0–81.2]","65.0% [62.9%–66.4%]","88.8 [85.0–92.2]","70.7% [68.6%–72.7%]","90.0 [86.6–93.4]","71.4% [69.5%–73.4%]","72.5 [70.0–73.8]","61.4% [60.0%–62.1%]","81.2 [75.0–88.8]","66.4% [62.9%–70.7%]"
"Quantized","MT8Bq8","77.5 [75.0–80.0]","64.3% [62.9%–65.7%]","77.5 [75.3–80.0]","64.3% [63.0%–65.7%]","90.0 [87.5–92.5]","71.4% [70.0%–72.9%]","90.6 [87.8–93.8]","71.8% [70.2%–73.6%]","71.2 [68.8–75.0]","60.7% [59.3%–62.9%]","80.0 [75.0–88.8]","65.7% [62.9%–70.7%]"
"Candidates","SSM candidates","75.5 [61.8–89.8]","—","78.5 [65.2–92.5]","—","80.5 [66.5–93.2]","—","84.5 [70.5–97.2]","—","79.5 [66.0–91.5]","—","—","—"
