"Year","Model","A","r_rank_biserial"
2020,"CLA",0.998469915254237,0.996939830508475
2020,"DPSK",0.998873728813559,0.997747457627119
2020,"GPT",0.999997457627119,0.999994915254237
2020,"GROK",0.999965254237288,0.999930508474576
2020,"MSTRL",0.988586016949152,0.977172033898305
2020,"QWEN",0.999850423728814,0.999700847457627
2020,"MG4B",0.907377966101695,0.81475593220339
2020,"MT8B",0.562402966101695,0.12480593220339
2020,"mSTRL3B",0.692460593220339,0.384921186440678
2020,"Q1_7B",0.111035169491525,-0.777929661016949
2020,"Q4B",0.781714830508475,0.563429661016949
2020,"Q8B",0.817525,0.63505
2020,"MG4Bq4",0.836256779661017,0.672513559322034
2020,"MG4Bq6",0.880299576271186,0.760599152542373
2020,"MG4Bq8",0.904235169491525,0.808470338983051
2020,"MT8Bq4",0.496778389830508,-0.00644322033898304
2020,"MT8Bq6",0.541101694915254,0.0822033898305086
2020,"MT8Bq8",0.538541949152542,0.0770838983050848
2021,"CLA",0.998972327949799,0.997944655899599
2021,"DPSK",0.99857319205843,0.99714638411686
2021,"GPT",1,1
2021,"GROK",0.999997942598498,0.999995885196996
2021,"MSTRL",0.998506326509618,0.997012653019237
2021,"QWEN",1,1
2021,"MG4B",0.871572369097829,0.743144738195659
2021,"MT8B",0.463384939821006,-0.0732301203579878
2021,"mSTRL3B",0.736948359222302,0.473896718444605
2021,"Q1_7B",0.0640139903302129,-0.871972019339574
2021,"Q4B",0.85237269828207,0.704745396564139
2021,"Q8B",0.899310770496862,0.798621540993725
2021,"MG4Bq4",0.812613928608168,0.625227857216336
2021,"MG4Bq6",0.819021705585845,0.63804341117169
2021,"MG4Bq8",0.821976134142578,0.643952268285156
2021,"MT8Bq4",0.473625655796729,-0.0527486884065426
2021,"MT8Bq6",0.4890813702294,-0.0218372595411994
2021,"MT8Bq8",0.486104824606522,-0.027790350786956
2022,"CLA",0.999431162407255,0.998862324814509
2022,"DPSK",0.999752679307502,0.999505358615004
2022,"GPT",0.999936584437821,0.999873168875642
2022,"GROK",0.999936584437821,0.999873168875642
2022,"MSTRL",0.997496353605175,0.994992707210349
2022,"QWEN",0.999935316126577,0.999870632253155
2022,"MG4B",0.832227154543725,0.66445430908745
2022,"MT8B",0.645716912930433,0.291433825860866
2022,"mSTRL3B",0.908491977931384,0.816983955862769
2022,"Q1_7B",0.191521339336673,-0.616957321326653
2022,"Q4B",0.899608091825734,0.799216183651468
2022,"Q8B",0.945342126957955,0.890684253915911
2022,"MG4Bq4",0.839380429957512,0.678760859915023
2022,"MG4Bq6",0.839392478914326,0.678784957828651
2022,"MG4Bq8",0.865130318980278,0.730260637960556
2022,"MT8Bq4",0.586524193036971,0.173048386073942
2022,"MT8Bq6",0.664463187266155,0.32892637453231
2022,"MT8Bq8",0.687853383220242,0.375706766440485
2023,"CLA",0.999623824451411,0.999247648902821
2023,"DPSK",0.999602450840695,0.999204901681391
2023,"GPT",0.999997862638928,0.999995725277857
2023,"GROK",0.999997862638928,0.999995725277857
2023,"MSTRL",0.998766742661727,0.997533485323454
2023,"QWEN",0.999970789398689,0.999941578797378
2023,"MG4B",0.894631661442006,0.789263322884012
2023,"MT8B",0.617664576802508,0.235329153605016
2023,"mSTRL3B",0.649492020518666,0.298984041037333
2023,"Q1_7B",0.0728961242519236,-0.854207751496153
2023,"Q4B",0.802961669991451,0.605923339982901
2023,"Q8B",0.886077942433742,0.772155884867484
2023,"MG4Bq4",0.863875035622685,0.727750071245369
2023,"MG4Bq6",0.880900541464805,0.76180108292961
2023,"MG4Bq8",0.880411798233115,0.76082359646623
2023,"MT8Bq4",0.496342975206612,-0.00731404958677684
2023,"MT8Bq6",0.605037760045597,0.210075520091194
2023,"MT8Bq8",0.621502564833286,0.243005129666572
2024,"CLA",0.9969031938248,0.9938063876496
2024,"DPSK",0.9975646200694,0.9951292401388
2024,"GPT",0.999910771191842,0.999821542383684
2024,"GROK",0.999521280362581,0.999042560725161
2024,"MSTRL",0.97811061539551,0.956221230791021
2024,"QWEN",0.999865448622619,0.999730897245238
2024,"MG4B",0.85392181856809,0.70784363713618
2024,"MT8B",0.314864386374903,-0.370271227250195
2024,"mSTRL3B",0.556466255930883,0.112932511861766
2024,"Q1_7B",0.12880461723674,-0.742390765526521
2024,"Q4B",0.671133772395723,0.342267544791445
2024,"Q8B",0.929258551094115,0.85851710218823
2024,"MG4Bq4",0.777378372636499,0.554756745272998
2024,"MG4Bq6",0.833972098293322,0.667944196586644
2024,"MG4Bq8",0.853389986544862,0.706779973089725
2024,"MT8Bq4",0.300884498264995,-0.398231003470009
2024,"MT8Bq6",0.34803130089937,-0.303937398201261
2024,"MT8Bq8",0.346337369874655,-0.307325260250691
