"Group","Model_1","Model_2","Accuracy_1","Accuracy_2","Difference_pp","CI95_items_low","CI95_items_high","Cliffs_delta_runs","Dunn_p_adj_Holm","CI_excludes_zero"
"Proprietary","CLA","DPSK",92.4485714285714,92.66,-0.211428571428574,-1.2915,0.822928571428572,-0.040768,0.602465473571429,FALSE
"Proprietary","CLA","GPT",92.4485714285714,97.6142857142857,-5.1657142857143,-6.26864285714286,-4.14285714285714,-0.95264,2.79267293491158e-75,TRUE
"Proprietary","CLA","GROK",92.4485714285714,96.8142857142857,-4.3657142857143,-5.55442857142857,-3.26278571428571,-0.826144,3.66072957405277e-52,TRUE
"Proprietary","CLA","MSTRL",92.4485714285714,89.5114285714286,2.93714285714285,1.55985714285714,4.38857142857143,0.436576,9.05845247135691e-07,TRUE
"Proprietary","CLA","QWEN",92.4485714285714,96.4,-3.95142857142857,-5.1315,-2.82285714285714,-0.811712,2.92891163235732e-40,TRUE
"Proprietary","DPSK","GPT",92.66,97.6142857142857,-4.95428571428572,-6.09714285714286,-3.84,-0.953072,3.50755287898478e-71,TRUE
"Proprietary","DPSK","GROK",92.66,96.8142857142857,-4.15428571428572,-5.34864285714286,-2.98564285714286,-0.796944,8.82147211966017e-49,TRUE
"Proprietary","DPSK","MSTRL",92.66,89.5114285714286,3.14857142857142,1.68278571428571,4.65435714285714,0.462288,5.72951561649088e-08,TRUE
"Proprietary","DPSK","QWEN",92.66,96.4,-3.74,-4.94,-2.56571428571429,-0.786656,2.548885844545e-37,TRUE
"Proprietary","GPT","GROK",97.6142857142857,96.8142857142857,0.800000000000001,-0.0228571428571428,1.67728571428571,0.189456,0.00497085971932154,FALSE
"Proprietary","GPT","MSTRL",97.6142857142857,89.5114285714286,8.10285714285714,6.5055,9.69142857142857,0.99872,4.14167411900261e-123,TRUE
"Proprietary","GPT","QWEN",97.6142857142857,96.4,1.21428571428572,0.382785714285714,2.08007142857143,0.430432,1.70927885946521e-06,TRUE
"Proprietary","GROK","MSTRL",96.8142857142857,89.5114285714286,7.30285714285714,5.63992857142857,9.04007142857143,0.957024,7.82118219632283e-93,TRUE
"Proprietary","GROK","QWEN",96.8142857142857,96.4,0.414285714285723,-0.582928571428571,1.45142857142857,0.16088,0.112092422218446,FALSE
"Proprietary","MSTRL","QWEN",89.5114285714286,96.4,-6.88857142857142,-8.44,-5.38857142857143,-0.953616,1.49862553986018e-76,TRUE
"Open-source","MG4B","MT8B",78.2028571428571,66.1428571428572,12.06,9.5455,14.5886428571429,0.967104,4.45963880274105e-61,TRUE
"Open-source","MG4B","mSTRL3B",78.2028571428571,72.2914285714286,5.91142857142857,3.68,8.18864285714286,0.64824,1.99125434722869e-20,TRUE
"Open-source","MG4B","Q1_7B",78.2028571428571,50.5771428571429,27.6257142857143,24.8370714285714,30.4117142857143,1,1.5842214538571e-137,TRUE
"Open-source","MG4B","Q4B",78.2028571428571,75.38,2.82285714285714,0.431357142857143,5.22028571428571,0.393344,3.48408928934554e-06,TRUE
"Open-source","MG4B","Q8B",78.2028571428571,79.4342857142857,-1.23142857142857,-3.39157142857143,1.0115,-0.232064,0.0240214060190608,FALSE
"Open-source","MT8B","mSTRL3B",66.1428571428572,72.2914285714286,-6.14857142857143,-8.63157142857143,-3.70842857142857,-0.59024,3.91220597598985e-12,TRUE
"Open-source","MT8B","Q1_7B",66.1428571428572,50.5771428571429,15.5657142857143,12.6085,18.5658571428571,0.989664,1.99076610297514e-16,TRUE
"Open-source","MT8B","Q4B",66.1428571428572,75.38,-9.23714285714285,-11.8373571428571,-6.69135714285714,-0.837808,4.99341230227406e-31,TRUE
"Open-source","MT8B","Q8B",66.1428571428572,79.4342857142857,-13.2914285714286,-15.8600714285714,-10.7113571428571,-0.970864,1.67711257340536e-78,TRUE
"Open-source","mSTRL3B","Q1_7B",72.2914285714286,50.5771428571429,21.7142857142857,18.7741428571429,24.4458571428571,0.999904,7.39574355642281e-54,TRUE
"Open-source","mSTRL3B","Q4B",72.2914285714286,75.38,-3.08857142857143,-5.54885714285714,-0.562857142857143,-0.371104,8.20302636345522e-06,TRUE
"Open-source","mSTRL3B","Q8B",72.2914285714286,79.4342857142857,-7.14285714285714,-9.48292857142857,-4.85428571428571,-0.727584,7.58529988202075e-31,TRUE
"Open-source","Q1_7B","Q4B",50.5771428571429,75.38,-24.8028571428571,-27.7315714285714,-21.9657142857143,-1,1.14641513414203e-89,TRUE
"Open-source","Q1_7B","Q8B",50.5771428571429,79.4342857142857,-28.8571428571429,-31.7571428571429,-25.9657142857143,-1,3.29466373103119e-163,TRUE
"Open-source","Q4B","Q8B",75.38,79.4342857142857,-4.05428571428571,-6.24857142857143,-1.9285,-0.545296,4.35152132775818e-12,TRUE
"Quantized","MG4Bq4","MG4Bq6",76.2828571428571,77.2085714285714,-0.925714285714285,-1.86285714285714,0.0343571428571431,-0.111088,0.344221638940282,FALSE
"Quantized","MG4Bq4","MG4Bq8",76.2828571428571,77.8685714285714,-1.58571428571429,-2.50571428571429,-0.648571428571429,-0.232992,0.0205541877860182,TRUE
"Quantized","MG4Bq4","MT8Bq4",76.2828571428571,64.64,11.6428571428571,9.28557142857143,14.1086428571429,0.949184,4.75153164023988e-75,TRUE
"Quantized","MG4Bq4","MT8Bq6",76.2828571428571,66.4114285714286,9.87142857142858,7.43142857142857,12.3342857142857,0.885536,5.63960558233275e-57,TRUE
"Quantized","MG4Bq4","MT8Bq8",76.2828571428571,66.5971428571429,9.68571428571429,7.27114285714286,12.1972857142857,0.87224,3.42621572287687e-55,TRUE
"Quantized","MG4Bq6","MG4Bq8",77.2085714285714,77.8685714285714,-0.660000000000005,-1.33714285714286,0.0515000000000003,-0.128224,0.354372409495539,FALSE
"Quantized","MG4Bq6","MT8Bq4",77.2085714285714,64.64,12.5685714285714,9.95128571428571,15.2976428571429,0.99176,3.63912060264996e-88,TRUE
"Quantized","MG4Bq6","MT8Bq6",77.2085714285714,66.4114285714286,10.7971428571429,8.24571428571429,13.3715,0.943408,1.91599967768066e-68,TRUE
"Quantized","MG4Bq6","MT8Bq8",77.2085714285714,66.5971428571429,10.6114285714286,7.97121428571429,13.1345,0.933456,1.81748662038434e-66,TRUE
"Quantized","MG4Bq8","MT8Bq4",77.8685714285714,64.64,13.2285714285714,10.6855714285714,15.7428571428571,0.994016,2.65506710336078e-100,TRUE
"Quantized","MG4Bq8","MT8Bq6",77.8685714285714,66.4114285714286,11.4571428571429,8.83985714285714,13.9600714285714,0.960272,4.4249738288735e-79,TRUE
"Quantized","MG4Bq8","MT8Bq8",77.8685714285714,66.5971428571429,11.2714285714286,8.70285714285714,13.8485714285714,0.954032,6.15407659450808e-77,TRUE
"Quantized","MT8Bq4","MT8Bq6",64.64,66.4114285714286,-1.77142857142857,-2.66292857142857,-0.865714285714286,-0.204816,0.0615398154205737,TRUE
"Quantized","MT8Bq4","MT8Bq8",64.64,66.5971428571429,-1.95714285714286,-2.87442857142857,-1.07714285714286,-0.216064,0.0358585186405394,TRUE
"Quantized","MT8Bq6","MT8Bq8",66.4114285714286,66.5971428571429,-0.185714285714289,-0.702857142857143,0.351428571428571,-0.020768,0.790565696544253,FALSE
