year,run,question,old_value,new_value,raw_timestamp_or_note
2021,19,83,1,E,2026-02-17T08:38:26.994108
2021,19,84,D,1,2026-02-17T08:38:35.327389
2021,19,87,C,1,2026-02-17T08:39:25.694312
2021,19,88,B,1,2026-02-17T09:26:14.638823
2021,19,90,B,1,2026-02-17T09:27:06.408624
2021,19,91,C,D,2026-02-17T09:27:40.218267
2021,19,92,E,1,2026-02-17T09:28:15.662910
2021,19,93,1,D,2026-02-17T09:28:41.302482
2021,19,94,1,C,2026-02-17T09:29:03.194688
2021,19,95,1,B,2026-02-17T09:29:30.207348
2021,19,97,1,B,2026-02-17T09:30:08.934060
2021,19,98,1,C,2026-02-17T09:30:27.742293
2021,19,99,1,E,2026-02-17T09:30:44.186684
2021,19,104,C,1,2026-02-17T09:32:18.170960
2021,19,105,E,1,2026-02-17T09:32:34.121190
2021,19,107,E,1,2026-02-17T09:33:28.587749
2021,19,108,C,1,2026-02-17T09:33:44.911965
2021,19,109,E,1,2026-02-17T09:34:02.674126
2021,19,111,1,C,2026-02-17T09:34:54.113937
2021,19,112,1,E,2026-02-17T09:35:20.036891
2021,19,114,1,E,2026-02-17T09:36:02.254661
2021,19,115,1,C,2026-02-17T09:36:57.530127
2021,19,116,1,E,2026-02-17T09:37:19.430271
2021,19,118,D,1,2026-02-17T09:38:00.224159
2021,19,125,C,D,2026-02-17T09:40:52.561470
2021,19,127,E,1,2026-02-17T09:41:26.921516
2021,19,128,D,1,2026-02-17T09:41:49.616661
2021,19,130,E,1,2026-02-17T09:42:19.092152
2021,19,131,B,1,2026-02-17T09:42:38.945367
2021,19,134,,E,2026-02-17T09:44:24.657414
2021,19,135,,D,2026-02-17T09:45:19.520534
2021,19,136,,1,2026-02-17T09:45:34.021165
2021,19,137,,E,2026-02-17T09:45:50.915356
2021,19,138,,B,2026-02-17T09:46:10.615749
2021,19,139,,C,2026-02-17T09:46:37.496524
2021,19,140,,1,2026-02-17T09:46:49.023473
2021,21,57,E,1,2026-02-17T10:56:30.481674
2021,21,59,1,C,2026-02-17T10:57:32.883319
2021,21,62,C,1,2026-02-17T23:29:13.190944
2021,21,66,1,E,2026-02-17T23:31:04.300732
2021,21,71,D,C,2026-02-17T23:32:30.118322
2021,21,74,E,1,2026-02-17T23:33:12.730112
2021,21,77,D,1,2026-02-17T23:34:04.087911
2021,21,80,E,D,2026-02-17T23:35:09.186733
2021,21,81,B,1,2026-02-17T23:35:21.988767
2021,21,83,B,E,2026-02-17T23:36:00.558527
2021,21,86,B,D,2026-02-17T23:36:52.930524
2021,21,89,1,E,2026-02-17T23:37:53.913297
2021,21,90,E,B,2026-02-17T23:38:18.804676
2021,21,92,1,B,2026-02-17T23:39:02.449743
2021,21,95,1,B,2026-02-17T23:40:35.331315
2021,21,96,D,1,2026-02-17T23:40:57.584279
2021,21,99,1,E,2026-02-17T23:41:47.637800
2021,21,103,C,1,2026-02-17T23:42:57.203257
2021,21,105,1,D,2026-02-17T23:43:37.653025
2021,21,107,E,1,2026-02-17T23:44:22.539886
2021,21,111,E,1,2026-02-17T23:45:23.139165
2021,21,112,1,C,2026-02-17T23:45:51.124100
2021,21,120,1,E,2026-02-17T23:48:26.995740
2021,21,122,C,1,2026-02-17T23:49:45.786337
2021,21,123,C,1,2026-02-17T23:50:22.036403
2021,21,128,E,1,2026-02-17T23:52:07.957317
2021,21,129,B,1,2026-02-17T23:52:19.403165
2021,21,131,1,C,2026-02-17T23:52:47.173938
2021,21,132,,C,2026-02-17T23:53:06.860691
2021,21,133,,1,2026-02-17T23:54:03.681026
2021,21,134,,E,2026-02-17T23:54:24.275736
2021,21,135,,1,2026-02-17T23:55:21.754665
2021,21,136,,1,2026-02-17T23:55:39.708710
2021,21,137,,E,2026-02-17T23:56:01.377336
2021,21,138,,B,2026-02-17T23:56:25.698468
2021,21,139,,1,2026-02-17T23:56:46.542395
2021,21,140,,1,2026-02-17T23:57:00.060745
2021,35,41,C,1,2026-02-18T11:08:46.234757
2021,35,56,D,1,2026-02-18T22:30:11.240872
2021,35,59,1,C,2026-02-18T22:31:00.942423
2021,35,62,C,1,2026-02-18T22:31:56.256511
2021,35,65,1,D,2026-02-18T22:32:45.089428
2021,35,68,C,1,2026-02-18T22:34:11.444400
2021,35,71,1,C,2026-02-18T22:35:02.531513
2021,35,74,D,1,2026-02-18T22:35:43.836513
2021,35,77,D,C,2026-02-18T22:36:36.254967
2021,35,80,B,1,2026-02-18T22:37:36.141185
2021,35,81,B,1,2026-02-18T22:37:47.097026
2021,35,83,B,D,2026-02-18T22:38:23.153514
2021,35,86,C,D,2026-02-18T22:39:29.157168
2021,35,89,C,B,2026-02-18T22:40:45.895851
2021,35,90,C,B,2026-02-18T22:41:06.824434
2021,35,92,1,B,2026-02-18T22:42:17.141107
2021,35,95,1,C,2026-02-18T22:43:20.534861
2021,35,98,E,C,2026-02-18T22:44:17.933820
2021,35,99,1,C,2026-02-18T22:44:33.270894
2021,35,100,E,1,2026-02-18T22:44:50.413482
2021,35,106,D,1,2026-02-18T22:46:44.639520
2021,35,108,B,1,2026-02-18T22:47:14.940605
2021,35,109,1,E,2026-02-18T22:47:35.214773
2021,35,112,C,1,2026-02-18T22:48:24.714239
2021,35,115,1,D,2026-02-18T22:49:59.043803
2021,35,116,D,E,2026-02-18T22:50:22.157461
2021,35,117,1,B,2026-02-18T22:50:44.374438
2021,35,119,E,1,2026-02-18T22:51:17.139743
2021,35,121,1,C,2026-02-18T22:51:56.477450
2021,35,122,E,1,2026-02-18T22:52:50.065513
2021,35,123,D,1,2026-02-18T22:53:08.066731
2021,35,124,E,1,2026-02-18T22:53:34.186286
2021,35,125,E,D,2026-02-18T22:54:13.124094
2021,35,126,D,1,2026-02-18T22:54:30.886256
2021,35,129,B,1,2026-02-18T22:55:45.144487
2021,35,131,1,E,2026-02-18T22:56:31.604947
2021,35,132,,D,2026-02-18T22:56:52.674487
2021,35,133,,E,2026-02-18T22:57:28.258799
2021,35,134,,E,2026-02-18T22:57:52.416045
2021,35,135,,D,2026-02-18T22:58:46.266426
2021,35,136,,1,2026-02-18T22:59:03.363137
2021,35,137,,E,2026-02-18T22:59:21.251276
2021,35,138,,B,2026-02-18T22:59:41.382437
2021,35,139,,1,2026-02-18T23:00:03.723061
2021,35,140,,1,2026-02-18T23:00:14.559509
2021,50,111,E,1,2026-02-19T10:58:10.643311
2021,50,112,1,E,2026-02-19T10:58:41.001598
2021,50,115,1,B,2026-02-19T10:59:41.245077
2021,50,116,1,,2 raw entries - NOT CHANGED
2021,50,120,B,1,2026-02-19T11:52:03.567614
2021,50,123,E,1,2026-02-19T11:53:37.864733
2021,50,125,1,B,2026-02-19T11:54:34.141227
2021,50,126,E,1,2026-02-19T11:54:50.065188
2021,50,127,D,1,2026-02-19T11:55:06.043902
2021,50,128,1,E,2026-02-19T11:56:00.322817
2021,50,130,D,1,2026-02-19T11:56:25.134215
2021,50,131,1,E,2026-02-19T11:57:09.681862
2021,50,132,E,D,2026-02-19T11:57:47.914462
2021,50,133,C,1,2026-02-19T11:58:14.177533
2021,50,135,1,D,2026-02-19T11:59:43.101337
2021,50,136,,1,2026-02-19T11:59:57.883140
2021,50,137,,E,2026-02-19T12:00:19.684387
2021,50,138,,C,2026-02-19T12:00:36.753473
2021,50,139,,1,2026-02-19T12:00:57.042995
2021,50,140,,1,2026-02-19T12:01:08.564596
2022,6,12,1,E,2026-02-19T16:08:00.791154
2022,6,13,1,B,2026-02-19T16:08:21.423808
2022,6,14,C,1,2026-02-19T16:08:36.883969
2022,6,16,E,1,2026-02-19T16:09:10.351682
2022,6,17,E,1,2026-02-19T16:09:28.296791
2022,6,22,1,C,2026-02-24T23:31:48.512543
2022,6,24,1,E,2026-02-24T23:32:38.101941
2022,6,25,1,E,2026-02-24T23:32:54.459801
2022,6,26,B,1,2026-02-24T23:33:07.535490
2022,6,28,B,1,2026-02-24T23:33:36.237232
2022,6,34,1,B,2026-02-24T23:34:59.130555
2022,6,36,1,B,2026-02-24T23:35:39.913215
2022,6,40,B,1,2026-02-24T23:36:46.035398
2022,6,48,1,B,2026-02-24T23:38:36.221502
2022,6,61,C,1,2026-02-24T23:41:08.727739
2022,6,63,C,1,2026-02-24T23:41:32.205886
2022,6,68,D,1,2026-02-24T23:42:42.324064
2022,6,69,1,C,2026-02-24T23:42:55.536072
2022,6,71,1,C,2026-02-24T23:43:25.607308
2022,6,75,D,1,2026-02-24T23:44:40.901196
2022,6,76,C,D,2026-02-24T23:44:55.826638
2022,6,83,1,D,2026-02-24T23:46:47.537999
2022,6,84,B,C,2026-02-24T23:47:02.153951
2022,6,89,D,1,2026-02-24T23:48:22.246071
2022,6,92,1,B,2026-02-24T23:49:02.733297
2022,6,97,1,D,2026-02-24T23:50:11.723854
2022,6,101,E,1,2026-02-24T23:51:01.104229
2022,6,103,C,1,2026-02-24T23:51:29.502284
2022,6,108,C,1,2026-02-24T23:52:33.683444
2022,6,109,1,E,2026-02-24T23:52:55.941482
2022,6,110,C,1,2026-02-24T23:53:10.226274
2022,6,111,1,C,2026-02-24T23:53:25.666286
2022,6,113,B,1,2026-02-24T23:53:49.180081
2022,6,116,1,C,2026-02-24T23:54:31.814908
2022,6,118,E,C,2026-02-24T23:55:02.520481
2022,6,121,1,B,2026-02-24T23:56:09.608256
2022,6,122,E,1,2026-02-24T23:56:21.633211
2022,6,126,1,E,2026-02-24T23:57:33.425963
2022,6,127,B,1,2026-02-24T23:57:48.506801
2022,6,129,C,1,2026-02-24T23:58:07.462517
2022,6,130,C,E,2026-02-24T23:58:19.835715
2022,6,131,B,1,2026-02-24T23:58:29.497508
2022,6,133,,1,2026-02-24T23:58:59.777696
2022,6,134,,1,2026-02-24T23:59:14.268763
2022,6,135,,B,2026-02-24T23:59:30.420759
2022,6,136,,1,2026-02-24T23:59:39.866470
2022,6,137,,C,2026-02-24T23:59:53.211648
2022,6,138,,C,2026-02-25T00:00:31.977356
2022,6,139,,B,2026-02-25T00:00:48.657031
2022,6,140,,1,2026-02-25T00:00:59.837119
